DELETE FROM seges_delog_cgscg_stage.painel_indicadores.scdp_nacional_log;
INSERT INTO seges_delog_cgscg_stage.painel_indicadores.scdp_nacional_log (anomes, valormedionacional, datahoraregistro) VALUES('202101', 1007.72, '2020-12-31 00:00:00');
INSERT INTO seges_delog_cgscg_stage.painel_indicadores.scdp_nacional_log (anomes, valormedionacional, datahoraregistro) VALUES('202102', 997.48, '2020-12-31 00:00:00');
INSERT INTO seges_delog_cgscg_stage.painel_indicadores.scdp_nacional_log (anomes, valormedionacional, datahoraregistro) VALUES('202103', 858.33, '2020-12-31 00:00:00');
INSERT INTO seges_delog_cgscg_stage.painel_indicadores.scdp_nacional_log (anomes, valormedionacional, datahoraregistro) VALUES('202104', 811.15, '2020-12-31 00:00:00');
INSERT INTO seges_delog_cgscg_stage.painel_indicadores.scdp_nacional_log (anomes, valormedionacional, datahoraregistro) VALUES('202105', 981.58, '2020-12-31 00:00:00');
INSERT INTO seges_delog_cgscg_stage.painel_indicadores.scdp_nacional_log (anomes, valormedionacional, datahoraregistro) VALUES('202106', 984.12, '2020-12-31 00:00:00');

DELETE FROM seges_delog_cgscg_stage.painel_indicadores.scdp_internacional_log;
INSERT INTO seges_delog_cgscg_stage.painel_indicadores.scdp_internacional_log (anomes, valormediointernacional, datahoraregistro) VALUES('202101', 3229.25, '2020-12-31 00:00:00');
INSERT INTO seges_delog_cgscg_stage.painel_indicadores.scdp_internacional_log (anomes, valormediointernacional, datahoraregistro) VALUES('202102', 3543.92, '2020-12-31 00:00:00');
INSERT INTO seges_delog_cgscg_stage.painel_indicadores.scdp_internacional_log (anomes, valormediointernacional, datahoraregistro) VALUES('202103', 5061.81, '2020-12-31 00:00:00');
INSERT INTO seges_delog_cgscg_stage.painel_indicadores.scdp_internacional_log (anomes, valormediointernacional, datahoraregistro) VALUES('202104', 4321.12, '2020-12-31 00:00:00');
INSERT INTO seges_delog_cgscg_stage.painel_indicadores.scdp_internacional_log (anomes, valormediointernacional, datahoraregistro) VALUES('202105', 3895.34, '2020-12-31 00:00:00');
INSERT INTO seges_delog_cgscg_stage.painel_indicadores.scdp_internacional_log (anomes, valormediointernacional, datahoraregistro) VALUES('202106', 3929.62, '2020-12-31 00:00:00');

DELETE FROM seges_delog_cgscg_stage.painel_indicadores.competitividade_pregao_log;
INSERT INTO seges_delog_cgscg_stage.painel_indicadores.competitividade_pregao_log (anomes, mediaparticipantespregao, datahoraregistro) VALUES('202101', 5.50, '2020-12-31 00:00:00');
INSERT INTO seges_delog_cgscg_stage.painel_indicadores.competitividade_pregao_log (anomes, mediaparticipantespregao, datahoraregistro) VALUES('202102', 6.96, '2020-12-31 00:00:00');
INSERT INTO seges_delog_cgscg_stage.painel_indicadores.competitividade_pregao_log (anomes, mediaparticipantespregao, datahoraregistro) VALUES('202103', 6.65, '2020-12-31 00:00:00');
INSERT INTO seges_delog_cgscg_stage.painel_indicadores.competitividade_pregao_log (anomes, mediaparticipantespregao, datahoraregistro) VALUES('202104', 5.96, '2020-12-31 00:00:00');
INSERT INTO seges_delog_cgscg_stage.painel_indicadores.competitividade_pregao_log (anomes, mediaparticipantespregao, datahoraregistro) VALUES('202105', 5.91, '2020-12-31 00:00:00');
INSERT INTO seges_delog_cgscg_stage.painel_indicadores.competitividade_pregao_log (anomes, mediaparticipantespregao, datahoraregistro) VALUES('202106', 5.77, '2020-12-31 00:00:00');

DELETE FROM seges_delog_cgscg_stage.painel_indicadores.municipios_log;
INSERT INTO seges_delog_cgscg_stage.painel_indicadores.municipios_log (anomes, contaentessub, datahoraregistro) VALUES('202101', 2635, '2020-12-31 00:00:00');
INSERT INTO seges_delog_cgscg_stage.painel_indicadores.municipios_log (anomes, contaentessub, datahoraregistro) VALUES('202102', 2681, '2020-12-31 00:00:00');
INSERT INTO seges_delog_cgscg_stage.painel_indicadores.municipios_log (anomes, contaentessub, datahoraregistro) VALUES('202103', 2764, '2020-12-31 00:00:00');
INSERT INTO seges_delog_cgscg_stage.painel_indicadores.municipios_log (anomes, contaentessub, datahoraregistro) VALUES('202104', 2803, '2020-12-31 00:00:00');
INSERT INTO seges_delog_cgscg_stage.painel_indicadores.municipios_log (anomes, contaentessub, datahoraregistro) VALUES('202105', 2845, '2020-12-31 00:00:00');
INSERT INTO seges_delog_cgscg_stage.painel_indicadores.municipios_log (anomes, contaentessub, datahoraregistro) VALUES('202106', 2895, '2020-12-31 00:00:00');

DELETE FROM seges_delog_cgscg_stage.painel_indicadores.unidades_log;
INSERT INTO seges_delog_cgscg_stage.painel_indicadores.unidades_log (anomes, saldounidades, datahoraregistro) VALUES('202101', 2736, '2020-12-31 00:00:00');
INSERT INTO seges_delog_cgscg_stage.painel_indicadores.unidades_log (anomes, saldounidades, datahoraregistro) VALUES('202102', 2720, '2020-12-31 00:00:00');
INSERT INTO seges_delog_cgscg_stage.painel_indicadores.unidades_log (anomes, saldounidades, datahoraregistro) VALUES('202103', 2637, '2020-12-31 00:00:00');
INSERT INTO seges_delog_cgscg_stage.painel_indicadores.unidades_log (anomes, saldounidades, datahoraregistro) VALUES('202104', 2636, '2020-12-31 00:00:00');
INSERT INTO seges_delog_cgscg_stage.painel_indicadores.unidades_log (anomes, saldounidades, datahoraregistro) VALUES('202105', 2634, '2020-12-31 00:00:00');
INSERT INTO seges_delog_cgscg_stage.painel_indicadores.unidades_log (anomes, saldounidades, datahoraregistro) VALUES('202106', 2628, '2020-12-31 00:00:00');